{
  "val_loss": 3.0172269344329834,
  "perplexity": 20.434546703938796,
  "n_params": 37697
}